name,guard_name,prefix
admin-list,admin,Admin
admin-create,admin,Admin
admin-edit,admin,Admin
admin-delete,admin,Admin
admin-status,admin,Admin
admin-details,admin,Admin
admin-recycle-bin,admin,Admin
admin-restore,admin,Admin
admin-permanent-delete,admin,Admin
role-list,admin,Role
role-create,admin,Role
role-edit,admin,Role
role-delete,admin,Role
role-details,admin,Role
permission-list,admin,Permission
permission-create,admin,Permission
permission-edit,admin,Permission
permission-delete,admin,Permission
permission-details,admin,Permission
banner-list,admin,Banner
banner-details,admin,Banner
banner-create,admin,Banner
banner-edit,admin,Banner
banner-delete,admin,Banner
banner-status,admin,Banner
brand-list,admin,Brand
brand-details,admin,Brand
brand-create,admin,Brand
brand-edit,admin,Brand
brand-delete,admin,Brand
brand-status,admin,Brand
category-list,admin,Category
category-details,admin,Category
category-create,admin,Category
category-edit,admin,Category
category-delete,admin,Category
category-status,admin,Category
category-feature,admin,Category
sub-category-list,admin,SubCategory
sub-category-details,admin,SubCategory
sub-category-create,admin,SubCategory
sub-category-edit,admin,SubCategory
sub-category-delete,admin,SubCategory
sub-category-status,admin,SubCategory
sub-category-feature,admin,SubCategory
city-list,admin,City
city-details,admin,City
city-create,admin,City
city-edit,admin,City
city-delete,admin,City
city-status,admin,City
country-list,admin,Country
country-details,admin,Country
country-create,admin,Country
country-edit,admin,Country
country-delete,admin,Country
country-status,admin,Country
operation-area-list,admin,OperationArea
operation-area-details,admin,OperationArea
operation-area-create,admin,OperationArea
operation-area-edit,admin,OperationArea
operation-area-delete,admin,OperationArea
operation-area-status,admin,OperationArea
operation-sub-area-list,admin,OperationSubArea
operation-sub-area-details,admin,OperationSubArea
operation-sub-area-create,admin,OperationSubArea
operation-sub-area-edit,admin,OperationSubArea
operation-sub-area-delete,admin,OperationSubArea
operation-sub-area-status,admin,OperationSubArea
state-list,admin,State
state-details,admin,State
state-create,admin,State
state-edit,admin,State
state-delete,admin,State
state-status,admin,State
audit-list,admin,Audit
audit-details,admin,Audit
user-list,admin,User
user-details,admin,User
user-create,admin,User
user-edit,admin,User
user-delete,admin,User
user-status,admin,User
documentation-list,admin,Documentation
documentation-details,admin,Documentation
documentation-create,admin,Documentation
documentation-edit,admin,Documentation
documentation-delete,admin,Documentation
temp-list,admin,TempFile
temp-download,admin,TempFile
temp-delete,admin,TempFile
category-recycle-bin,admin,Category
category-restore,admin,Category
category-permanent-delete,admin,Category
sub-category-recycle-bin,admin,SubCategory
sub-category-restore,admin,SubCategory
sub-category-permanent-delete,admin,SubCategory
city-permanent-delete,admin,City
city-restore,admin,City
city-recycle-bin,admin,City
country-recycle-bin,admin,Country
country-restore,admin,Country
country-permanent-delete,admin,Country
operation-area-recycle-bin,admin,OperationArea
operation-area-restore,admin,OperationArea
operation-area-permanent-delete,admin,OperationArea
operation-sub-area-recycle-bin,admin,OperationSubArea
operation-sub-area-restore,admin,OperationSubArea
operation-sub-area-permanent-delete,admin,OperationSubArea
state-recycle-bin,admin,State
state-restore,admin,State
state-permanent-delete,admin,State
user-recycle-bin,admin,User
user-restore,admin,User
user-permanent-delete,admin,User
documentation-recycle-bin,admin,Documentation
documentation-restore,admin,Documentation
documentation-permanent-delete,admin,Documentation
role-recycle-bin,admin,Role
role-restore,admin,Role
role-permanent-delete,admin,Role
permission-recycle-bin,admin,Permission
permission-restore,admin,Permission
permission-permanent-delete,admin,Permission
banner-recycle-bin,admin,Banner
banner-restore,admin,Banner
banner-permanent-delete,admin,Banner
brand-recycle-bin,admin,Brand
brand-restore,admin,Brand
brand-permanent-delete,admin,Brand
auction-list,admin,Auction
auction-details,admin,Auction
auction-create,admin,Auction
auction-edit,admin,Auction
auction-delete,admin,Auction
auction-feature,admin,Auction
auction-recycle-bin,admin,Auction
auction-restore,admin,Auction
auction--permanent-delete,admin,Auction
contact-list,admin,Contact
contact--details,admin,Contact
contact-create,admin,Contact
contact-edit,admin,Contact
contact-delete,admin,Contact
contact-status,admin,Contact
contact-recycle-bin,admin,Contact
contact-restore,admin,Contact
contact-permanent-delete,admin,Contact
faq-list,admin,Faq
faq-details,admin,Faq
faq-create,admin,Faq
faq-edit,admin,Faq
faq-delete,admin,Faq
faq-status,admin,Faq
faq-recycle-bin,admin,Faq
faq-restore,admin,Faq
faq-permanent-delete,admin,Faq
region-list,admin,Region
region-details,admin,Region
region-create,admin,Region
region-edit,admin,Region
region-delete,admin,Region
region-status,admin,Region
region-recycle-bin,admin,Region
region-restore,admin,Region
region-permanent-delete,admin,Region
region-shipping-list,admin,RegionShipping
region-shipping-details,admin,RegionShipping
region-shipping-create,admin,RegionShipping
region-shipping-edit,admin,RegionShipping
region-shipping-delete,admin,RegionShipping
region-shipping-status,admin,RegionShipping
region-shipping-recycle-bin,admin,RegionShipping
region-shipping-restore,admin,RegionShipping
region-shipping-permanent-delete,admin,RegionShipping
testimonial-list,admin,Testimonial
testimonial-details,admin,Testimonial
testimonial-create,admin,Testimonial
testimonial-edit,admin,Testimonial
testimonial-delete,admin,Testimonial
testimonial-status,admin,Testimonial
testimonial-restore,admin,Testimonial
testimonial-permanent-delete,admin,Testimonial
testimonial-recycle-bin,admin,Testimonial
container-list,admin,Container
container-details,admin,Container
container-create,admin,Container
container-edit,admin,Container
container-delete,admin,Container
container-status,admin,Container
container-recycle-bin,admin,Container
container-restore,admin,Container
container-permanent-delete,admin,Container
container-reserve-list,admin,ContainerReservation
container-reserve-details,admin,ContainerReservation
container-reserve-create,admin,ContainerReservation
container-reserve-edit,admin,ContainerReservation
container-reserve-delete,admin,ContainerReservation
container-reserve-status,admin,ContainerReservation
container-reserve-recycle-bin,admin,ContainerReservation
container-reserve-restore,admin,ContainerReservation
container-reserve-permanent-delete,admin,ContainerReservation
shipping-location-list,admin,ShippingLocation
shipping-location-details,admin,ShippingLocation
shipping-location-create,admin,ShippingLocation
shipping-location-edit,admin,ShippingLocation
shipping-location-delete,admin,ShippingLocation
shipping-location-status,admin,ShippingLocation
shipping-location-recycle-bin,admin,ShippingLocation
shipping-location-restore,admin,ShippingLocation
shipping-location-permanent-delete,admin,ShippingLocation
company-list,admin,Company
company-details,admin,Company
company-create,admin,Company
company-edit,admin,Company
company-delete,admin,Company
company-status,admin,Company
company-feature,admin,Company
company-recycle-bin,admin,Company
company-restore,admin,Company
company-permanent-delete,admin,Company
model-list,admin,Model
model-details,admin,Model
model-create,admin,Model
model-edit,admin,Model
model-delete,admin,Model
model-status,admin,Model
model-feature,admin,Model
model-recycle-bin,admin,Model
model-restore,admin,Model
model-permanent-delete,admin,Model
product-attribute-list,admin,ProductAttribute
product-attribute-details,admin,ProductAttribute
product-attribute-create,admin,ProductAttribute
product-attribute-edit,admin,ProductAttribute
product-attribute-delete,admin,ProductAttribute
product-attribute-status,admin,ProductAttribute
product-attribute-recycle-bin,admin,ProductAttribute
product-attribute-restore,admin,ProductAttribute
product-attribute-permanent-delete,admin,ProductAttribute
product-attribute-value-list,admin,ProductAttributeValue
product-attribute-value-details,admin,ProductAttributeValue
product-attribute-value-create,admin,ProductAttributeValue
product-attribute-value-delete,admin,ProductAttributeValue
product-attribute-value-edit,admin,ProductAttributeValue
product-attribute-value-status,admin,ProductAttributeValue
product-attribute-value-recycle-bin,admin,ProductAttributeValue
product-attribute-value-restore,admin,ProductAttributeValue
product-attribute-value-permanent-delete,admin,ProductAttributeValue
product-list,admin,Product
product-details,admin,Product
product-create,admin,Product
product-edit,admin,Product
product-delete,admin,Product
product-status,admin,Product
product-feature,admin,Product
product-recycle-bin,admin,Product
product-restore,admin,Product
product-permanent-delete,admin,Product
product-info-category-list,admin,ProductInformationCategory
product-info-category-details,admin,ProductInformationCategory
product-info-category-create,admin,ProductInformationCategory
product-info-category-edit,admin,ProductInformationCategory
product-info-category-delete,admin,ProductInformationCategory
product-info-category-status,admin,ProductInformationCategory
product-info-category-recycle-bin,admin,ProductInformationCategory
product-info-category-restore,admin,ProductInformationCategory
product-info-category-permanent-delete,admin,ProductInformationCategory
product-info-category-type-list,admin,ProductInformationCategoryType
product-info-category-type-details,admin,ProductInformationCategoryType
product-info-category-type-create,admin,ProductInformationCategoryType
product-info-category-type-edit,admin,ProductInformationCategoryType
product-info-category-type-delete,admin,ProductInformationCategoryType
product-info-category-type-status,admin,ProductInformationCategoryType
product-info-category-type-recycle-bin,admin,ProductInformationCategoryType
product-info-category-type-restore,admin,ProductInformationCategoryType
product-info-category-type-permanent-delete,admin,ProductInformationCategoryType
product-info-category-type-feature-list,admin,ProductInformationCategoryTypeFeature
product-info-category-type-feature-details,admin,ProductInformationCategoryTypeFeature
product-info-category-type-feature-create,admin,ProductInformationCategoryTypeFeature
product-info-category-type-feature-edit,admin,ProductInformationCategoryTypeFeature
product-info-category-type-feature-delete,admin,ProductInformationCategoryTypeFeature
product-info-category-type-feature-status,admin,ProductInformationCategoryTypeFeature
product-info-category-type-feature-recycle-bin,admin,ProductInformationCategoryTypeFeature
product-info-category-type-feature-restore,admin,ProductInformationCategoryTypeFeature
product-info-category-type-feature-permanent-delete,admin,ProductInformationCategoryTypeFeature
sub-child-category-list,admin,SubChildCategory
sub-child-category-details,admin,SubChildCategory
sub-child-category-create,admin,SubChildCategory
sub-child-category-edit,admin,SubChildCategory
sub-child-category-delete,admin,SubChildCategory
sub-child-category-status,admin,SubChildCategory
sub-child-category-recycle-bin,admin,SubChildCategory
sub-child-category-feature,admin,SubChildCategory
sub-child-category-restore,admin,SubChildCategory
sub-child-category-permanent-delete,admin,SubChildCategory
tax-class-list,admin,TaxClass
tax-class-details,admin,TaxClass
tax-class-create,admin,TaxClass
tax-class-edit,admin,TaxClass
tax-class-delete,admin,TaxClass
tax-class-status,admin,TaxClass
tax-class-recycle-bin,admin,TaxClass
tax-class-restore,admin,TaxClass
tax-class-permanent-delete,admin,TaxClass
tax-rate-list,admin,TaxRate
tax-rate-details,admin,TaxRate
tax-rate-create,admin,TaxRate
tax-rate-edit,admin,TaxRate
tax-rate-delete,admin,TaxRate
tax-rate-status,admin,TaxRate
tax-rate-recycle-bin,admin,TaxRate
tax-rate-restore,admin,TaxRate
tax-rate-permanent-delete,admin,TaxRate
supplier-list,admin,Suplier
supplier-details,admin,Suplier
supplier-create,admin,Suplier
supplier-edit,admin,Suplier
supplier-delete,admin,Suplier
supplier-status,admin,Suplier
supplier-recycle-bin,admin,Suplier
supplier--restore,admin,Suplier
supplier-permanent-delete,admin,Suplier
application-settings,admin,SiteSetting
